sample_id;prediction
131672_1767670500;192.50623354770258
131672_1767670800;70.98269556177107
131672_1767671100;164.6824674752302
131672_1767671400;156.10027043074106
134040_1767672000;29.9694683961712
134040_1767672300;50.31120817655852
134040_1767672600;64.80617176148293
134040_1767672900;46.70413889663703
134040_1767673200;51.31607211436548
134040_1767673500;237.82833789805105
122048_1767673800;10.31281121701011
122048_1767674100;45.931337155446215
122048_1767674400;-23.779778909455494
122048_1767674700;-9.283229340807438
122048_1767675000;-45.17403469548756
122048_1767675300;-41.78585217955458
131672_1767675600;22.91426363700437
131672_1767675900;-35.644436083296576
131672_1767676200;-37.0463386176505
131672_1767676500;-28.03449918294092
131672_1767676800;5.807058953358251
131672_1767677100;11.821734077172275
122658_1767679500;39.987241110993665
122658_1767679800;99.3751720877323
122658_1767680100;140.39208089857073
122658_1767680400;182.03812554473242
122658_1767680700;160.6536314200636
134040_1767684600;64.31387102188279
130238_1767684600;31.861576903220847
130238_1767684900;70.98408127672097
134040_1767684900;5.813114575843489
134040_1767685200;81.68721146365232
130238_1767685200;118.47769657206172
134040_1767685500;59.4426916688363
130238_1767685500;72.5227388772335
134040_1767685800;181.20800031867842
130238_1767685800;97.5197922640516
130238_1767686100;102.17812198907527
134040_1767686100;103.7257646605792
122658_1767686400;-4.368668122556411
122658_1767686700;6.657421346324881
122658_1767687000;1.4099858774969647
122658_1767687300;0.027863411569356344
122658_1767687600;1.5517089348708417
122658_1767687900;116.03385602249371
122613_1767690000;58.42294756725932
122613_1767690300;84.97921288250066
122613_1767690600;89.09376769765427
122613_1767690900;12.88535955946965
122613_1767691200;35.127409862965884
122613_1767691500;12.366073275221483
122048_1767695400;-218.71345424993658
122048_1767695700;-46.249068953154804
122048_1767696000;-18.807010140360028
122048_1767696300;-27.588327722033142
122048_1767696600;25.686958566479653
122048_1767696900;-53.524403764105514
133300_1767699000;116.77231369122876
122048_1767699000;-157.03156869369533
133300_1767699300;6.854846923348319
122048_1767699300;-227.3327256308855
122048_1767699600;-228.5212103751924
133300_1767699600;88.31112126507837
122048_1767699900;-221.3050775583719
133300_1767699900;31.460119502048173
122048_1767700200;-26.27836784268746
133300_1767700200;40.614642207667885
122048_1767700500;295.5648741278855
133300_1767700500;90.78660856581403
133957_1767700800;39.75740202279171
133957_1767701100;174.52899291229204
133957_1767701400;93.8895376598751
133957_1767701700;93.28911824824623
133957_1767702000;139.7112989565507
133957_1767702300;95.38290705096232
129964_1767702600;-17.947326607364616
129964_1767702900;-13.770171219835909
129964_1767703200;-37.09306850174209
129964_1767703500;-41.446596350909886
129964_1767704100;-53.81418621720928
122658_1767706200;9.994987847735501
122658_1767706500;-6.841991436718601
122658_1767706800;4.137975603571341
122658_1767707100;-4.169458146226031
122658_1767707400;0.682151732611505
131672_1767709800;48.035017179454144
122048_1767709800;-79.71291083350108
131672_1767710100;-49.29988156968329
122048_1767710100;40.194526018913464
131672_1767710400;-29.677371050780984
122048_1767710400;76.24089014579448
122048_1767710700;33.20716020648288
131672_1767710700;-70.75591567762183
131672_1767711000;-20.116107393271122
122048_1767711000;27.902848272943356
122048_1767711300;13.458976067395087
131672_1767711300;-70.76842566275992
132430_1767713400;291.4964259325951
133300_1767713400;-8.122404633184516
132430_1767713700;339.8088157105486
133300_1767713700;1.412264911393354
133300_1767714000;63.03399460102228
132430_1767714000;232.93773155224758
132430_1767714300;232.63788243950714
133300_1767714600;74.45594613457249
132430_1767714600;276.0856023664758
132430_1767714900;322.9457919781088
133300_1767714900;-7.778176917091454
122048_1767717000;-12.914723180110727
122048_1767717300;11.784748618888681
122048_1767717600;31.499033997736973
122613_1767718800;78.02015747205112
132430_1767720000;122.29368131608648
132430_1767720300;93.63852535085572
131672_1767722400;98.38686193192157
131672_1767722700;190.61681465256285
131672_1767723000;38.07161094407597
131672_1767723300;257.3265545448198
131672_1767723600;186.7298359739768
131672_1767723900;317.84122528255847
133957_1767724200;138.547076891829
132430_1767727800;199.02892734987375
132430_1767728100;260.2836741873764
132430_1767728400;250.00548230246227
132430_1767728700;287.43884075120553
132430_1767729000;48.29565747498999
132430_1767729300;109.37758646840963
122048_1767731400;-53.07221923905696
122048_1767731700;-11.08811261834839
122048_1767732000;-17.79858402287841
122048_1767732300;-32.33318577294556
122048_1767732600;-2.215207900564508
122048_1767732900;14.31751339956191
134040_1767733200;170.814980335436
134040_1767733500;154.38486519396585
134040_1767733800;153.2589299252841
134040_1767734100;181.36775417361764
134040_1767734400;171.28477409478998
134040_1767734700;198.45800721706115
130072_1767736800;50.98559820762186
130072_1767737100;159.7158306841738
130072_1767737400;-4.712235136405841
130072_1767737700;4.011438798755844
130072_1767738000;42.185865545064864
130072_1767738300;15.671217550088942
130072_1767742200;49.22062889828277
130072_1767742500;120.3100710107684
130072_1767742800;-14.94913462214705
130072_1767743100;69.17649604175622
130072_1767743400;6.357718915014804
130072_1767743700;30.860032131466326
